Customer_ID,Customer_Name,Age,Gender,Location,Date_Joined
1,John Doe,0,,Unknown,2020-07-04
2,Charlie Brown,0,,Texas,2020-02-04
3,Alice Johnson,0,Female,California,2020-11-29
4,John Doe,0,,Florida,2020-01-01
5,Alice Johnson,0,Non-binary,New York,2020-05-22
6,John Doe,0,Non-binary,Florida,2020-02-05
7,Alice Johnson,0,Non-binary,Texas,2020-07-20
8,Jane Smith,0,Female,New York,2020-09-16
9,Charlie Brown,0,,New York,2020-10-12
10,Bob Lee,0,Male,Texas,2020-06-23
11,John Doe,0,Male,California,2020-01-17
12,John Doe,0,Male,New York,2020-12-18
13,Alice Johnson,0,Female,Texas,2020-10-03
14,John Doe,0,Non-binary,California,2020-05-20
15,Bob Lee,0,Female,Florida,2020-04-12
16,Charlie Brown,0,,California,2020-02-04
17,Alice Johnson,0,Female,Unknown,1900-01-01
18,Bob Lee,0,Female,Florida,2020-12-15
19,Alice Johnson,0,Male,Florida,2020-03-16
20,Bob Lee,0,Male,Florida,2020-09-16
21,Charlie Brown,0,Male,Unknown,2020-09-14
22,Bob Lee,0,Female,Florida,2020-07-31
23,John Doe,0,Non-binary,California,2020-06-21
24,Alice Johnson,0,Female,California,2020-07-19
25,Jane Smith,0,Non-binary,California,2020-12-10
26,Bob Lee,0,Female,Florida,2020-10-04
27,Charlie Brown,0,,Florida,2020-05-13
28,Jane Smith,0,,Unknown,2020-11-26
29,Alice Johnson,0,Female,New York,2020-05-31
30,John Doe,0,Non-binary,California,2020-01-05
31,Charlie Brown,0,Female,New York,2020-11-24
32,John Doe,0,Female,Florida,2020-05-26
33,Bob Lee,0,Male,Unknown,2020-06-01
34,Charlie Brown,0,Non-binary,Unknown,2020-10-10
35,Jane Smith,0,Female,New York,2020-10-24
36,Jane Smith,0,Non-binary,Florida,2020-10-28
37,Bob Lee,0,Non-binary,Florida,2020-08-13
38,Jane Smith,0,Non-binary,California,2020-05-28
39,Charlie Brown,0,,New York,2020-10-29
40,Jane Smith,0,Female,Florida,1900-01-01
41,Bob Lee,0,,California,2020-09-28
42,Charlie Brown,0,Non-binary,California,2020-08-05
43,John Doe,0,Male,Texas,2020-07-04
44,Bob Lee,0,,California,2020-12-21
45,Charlie Brown,0,Male,Florida,2020-04-23
46,Bob Lee,0,Non-binary,California,2020-05-03
47,Alice Johnson,0,Male,New York,2020-12-31
48,Charlie Brown,0,Non-binary,California,2020-01-02
49,Bob Lee,0,Male,California,2020-04-27
50,Jane Smith,0,Male,,2020-01-30
51,Jane Smith,0,,California,2020-09-03
52,Alice Johnson,0,Female,Florida,2020-03-10
53,Bob Lee,0,,California,2020-05-12
54,Charlie Brown,0,,Florida,2020-12-23
55,Bob Lee,0,Female,Florida,2020-08-26
56,Bob Lee,0,Non-binary,Florida,2020-05-08
57,Charlie Brown,0,Female,Texas,2020-12-26
58,Charlie Brown,0,,Texas,2020-12-17
59,John Doe,0,Male,California,2020-09-24
60,Bob Lee,0,,Florida,2020-09-28
61,John Doe,0,Female,California,2020-12-19
62,Alice Johnson,0,,California,1900-01-01
63,Jane Smith,0,,Texas,2020-03-14
64,Alice Johnson,0,,New York,2020-11-28
65,Bob Lee,0,Female,Unknown,2020-11-27
66,Jane Smith,0,,New York,2020-03-28
67,John Doe,0,Female,New York,2020-11-27
68,John Doe,0,Non-binary,New York,2020-08-24
69,Charlie Brown,0,,Texas,2020-05-24
70,Jane Smith,0,Non-binary,Unknown,2020-01-06
71,Alice Johnson,0,Female,Texas,2020-06-05
72,John Doe,0,,California,2020-04-13
73,Jane Smith,0,Female,New York,2020-05-19
74,Bob Lee,0,,Florida,2020-01-05
75,John Doe,0,Male,Unknown,2020-11-05
76,Bob Lee,0,,Unknown,2020-11-20
77,Alice Johnson,0,Non-binary,Florida,2020-01-20
78,John Doe,0,Male,Unknown,2020-09-08
79,Bob Lee,0,Female,Florida,2020-06-21
80,Alice Johnson,0,Female,Unknown,2020-11-12
81,John Doe,0,Non-binary,Texas,2020-04-09
82,Alice Johnson,0,Female,California,2020-09-30
83,Alice Johnson,0,Non-binary,Unknown,2020-06-26
84,Jane Smith,0,Female,Texas,2020-06-16
85,John Doe,0,Female,Florida,1900-01-01
86,Bob Lee,0,Non-binary,,2020-10-16
87,John Doe,0,Male,Florida,2020-05-27
88,Bob Lee,0,Female,Unknown,2020-09-17
89,Alice Johnson,0,,Unknown,2020-08-30
90,Charlie Brown,0,Male,Unknown,2020-12-17
91,Jane Smith,0,Male,New York,2020-07-20
92,Charlie Brown,0,Non-binary,Florida,2020-09-30
93,Alice Johnson,0,Female,Florida,2020-03-28
94,Jane Smith,0,,Florida,2020-01-19
95,Bob Lee,0,Male,Texas,2020-12-19
96,John Doe,0,Male,Florida,2020-04-28
97,Charlie Brown,0,Female,California,2020-12-06
98,Charlie Brown,0,Non-binary,Texas,2020-07-20
99,John Doe,0,Male,California,2020-09-18
100,Charlie Brown,0,,California,2020-06-24
101,Bob Lee,0,Non-binary,California,2020-08-17
102,Charlie Brown,0,,Texas,2020-07-25
103,Alice Johnson,0,Non-binary,Florida,2020-01-06
104,Jane Smith,0,,California,2020-01-05
105,Charlie Brown,0,,California,2020-08-21
106,John Doe,0,,Unknown,2020-04-05
107,John Doe,0,Non-binary,Texas,2020-06-15
108,Alice Johnson,0,Female,Florida,2020-12-09
109,Charlie Brown,0,Male,California,2020-07-07
110,Bob Lee,0,Non-binary,Unknown,2020-12-04
111,Jane Smith,0,Female,New York,2020-05-12
112,Alice Johnson,0,,California,2020-04-10
113,Charlie Brown,0,,Unknown,2020-05-18
114,Jane Smith,0,,New York,2020-05-15
115,Alice Johnson,0,,Unknown,2020-03-20
116,Alice Johnson,0,Female,Florida,2020-12-29
117,Jane Smith,0,Female,Texas,2020-12-01
118,Bob Lee,0,Non-binary,Unknown,2020-12-02
119,John Doe,0,,New York,2020-10-22
120,Alice Johnson,0,,Texas,2020-05-16
121,John Doe,0,Non-binary,Texas,2020-12-22
122,Charlie Brown,0,Male,Unknown,2020-07-11
123,John Doe,0,,Texas,2020-07-11
124,Alice Johnson,0,,California,2020-07-30
125,Bob Lee,0,Male,Texas,2020-03-15
126,Bob Lee,0,,Texas,2020-09-29
127,Charlie Brown,0,Non-binary,Florida,2020-03-22
128,Alice Johnson,0,Male,New York,2020-05-08
129,Bob Lee,0,Female,Texas,2020-01-07
130,Jane Smith,0,,New York,2020-01-14
131,Jane Smith,0,Male,Florida,2020-08-14
132,Bob Lee,0,,Texas,1900-01-01
133,Jane Smith,0,Non-binary,Florida,2020-04-25
134,Bob Lee,0,,Unknown,2020-12-02
135,Bob Lee,0,Female,Texas,2020-04-21
136,Alice Johnson,0,,Texas,2020-12-03
137,Bob Lee,0,Female,Texas,2020-05-26
138,Bob Lee,0,Male,California,2020-07-07
139,Bob Lee,0,Non-binary,California,2020-08-25
140,John Doe,0,,,2020-12-07
141,Charlie Brown,0,,California,2020-04-19
142,John Doe,0,Female,Texas,2020-01-14
143,John Doe,0,Male,Texas,2020-10-11
144,Jane Smith,0,Male,California,2020-09-18
145,Alice Johnson,0,Non-binary,New York,2020-12-16
146,Jane Smith,0,Male,New York,2020-05-22
147,John Doe,0,Non-binary,Unknown,2020-04-23
148,Charlie Brown,0,,California,2020-06-02
149,Alice Johnson,0,,Unknown,2020-03-25
150,Jane Smith,0,,New York,2020-02-23
151,Alice Johnson,0,,New York,2020-07-23
152,Alice Johnson,0,Male,Florida,2020-05-23
153,John Doe,0,Male,California,2020-01-13
154,Alice Johnson,0,Non-binary,New York,2020-03-04
155,Jane Smith,0,,Unknown,2020-11-13
156,Charlie Brown,0,,Unknown,2020-09-15
157,Alice Johnson,0,Female,Florida,2020-01-16
158,Alice Johnson,0,Male,California,2020-08-31
159,Alice Johnson,0,Non-binary,Florida,2020-08-21
160,John Doe,0,Female,California,2020-03-08
161,Jane Smith,0,Female,Texas,2020-09-16
162,Alice Johnson,0,Male,New York,2020-03-21
163,John Doe,0,Female,Florida,2020-11-07
164,Charlie Brown,0,Female,Unknown,2020-10-08
165,Bob Lee,0,Male,California,2020-05-27
166,John Doe,0,,California,2020-04-01
167,Charlie Brown,0,Female,New York,2020-12-29
168,Alice Johnson,0,,California,2020-02-28
169,Bob Lee,0,Female,Florida,2020-12-29
170,Alice Johnson,0,Male,California,2020-10-14
171,Charlie Brown,0,,California,2020-07-21
172,Bob Lee,0,,New York,2020-09-18
173,Bob Lee,0,Male,California,2020-12-30
174,Bob Lee,0,Non-binary,Unknown,2020-09-07
175,Charlie Brown,0,Female,New York,2020-03-18
176,Bob Lee,0,Non-binary,Florida,2020-09-30
177,Alice Johnson,0,Female,Unknown,2020-09-14
178,John Doe,0,,California,2020-08-31
179,John Doe,0,,California,2020-07-26
180,John Doe,0,,Texas,2020-03-14
181,John Doe,0,Non-binary,New York,2020-11-05
182,John Doe,0,Male,New York,2020-12-05
183,John Doe,0,Female,Unknown,2020-08-15
184,Alice Johnson,0,Female,Unknown,2020-06-19
185,Alice Johnson,0,Male,,2020-10-02
186,Alice Johnson,0,,Florida,2020-06-05
187,Charlie Brown,0,,New York,2020-07-08
188,Jane Smith,0,,New York,2020-04-13
189,Bob Lee,0,Non-binary,Florida,1900-01-01
190,Alice Johnson,0,,Florida,2020-01-30
191,Alice Johnson,0,Male,California,2020-05-07
192,Bob Lee,0,Male,Unknown,2020-03-14
193,Charlie Brown,0,Female,New York,2020-07-03
194,John Doe,0,Male,California,2020-01-22
195,John Doe,0,Female,New York,2020-10-11
196,Jane Smith,0,Male,Unknown,2020-12-16
197,Jane Smith,0,Male,Unknown,2020-07-16
198,Bob Lee,0,Non-binary,Florida,2020-02-19
199,Alice Johnson,0,Non-binary,New York,2020-11-23
200,Jane Smith,0,,Texas,2020-01-02
201,Bob Lee,0,Male,California,2020-01-25
202,Jane Smith,0,Non-binary,Texas,2020-12-23
203,Charlie Brown,0,Non-binary,California,2020-02-27
204,Bob Lee,0,Female,New York,2020-11-10
205,Bob Lee,0,Non-binary,Texas,2020-12-21
206,Charlie Brown,0,Non-binary,Texas,2020-03-31
207,John Doe,0,Male,Unknown,2020-01-01
208,Bob Lee,0,Female,Unknown,2020-07-31
209,Charlie Brown,0,,California,2020-09-30
210,John Doe,0,Non-binary,,2020-06-17
211,Charlie Brown,0,Female,Florida,2020-05-01
212,Alice Johnson,0,Male,California,2020-09-30
213,John Doe,0,Non-binary,Unknown,2020-05-27
214,John Doe,0,Male,Texas,2020-06-24
215,John Doe,0,Female,Unknown,2020-03-27
216,Jane Smith,0,,Florida,2020-05-16
217,Jane Smith,0,Non-binary,Unknown,2020-03-06
218,Bob Lee,0,,Unknown,2020-12-10
219,Alice Johnson,0,,New York,2020-12-23
220,Charlie Brown,0,,New York,2020-08-26
221,John Doe,0,Female,Florida,2020-02-23
222,Charlie Brown,0,Male,New York,2020-10-12
223,John Doe,0,Non-binary,Texas,2020-06-24
224,John Doe,0,,New York,2020-08-01
225,Bob Lee,0,,Florida,2020-05-02
226,John Doe,0,Non-binary,Unknown,2020-07-24
227,Charlie Brown,0,Female,Texas,2020-09-28
228,John Doe,0,Non-binary,Texas,2020-11-29
229,Bob Lee,0,Male,New York,2020-11-30
230,Jane Smith,0,,Unknown,2020-04-17
231,John Doe,0,Female,Texas,2020-03-28
232,John Doe,0,Male,Florida,2020-10-26
233,Charlie Brown,0,Male,Unknown,2020-06-15
234,Charlie Brown,0,Non-binary,California,2020-01-15
235,Alice Johnson,0,Male,California,2020-07-24
236,Jane Smith,0,Non-binary,Florida,2020-04-24
237,Alice Johnson,0,Female,California,2020-09-14
238,Bob Lee,0,Non-binary,Florida,2020-01-08
239,Bob Lee,0,,New York,2020-11-05
240,Bob Lee,0,Non-binary,Unknown,2020-05-08
241,Charlie Brown,0,Male,Florida,2020-03-28
242,Alice Johnson,0,Male,California,2020-02-20
243,Jane Smith,0,Male,California,2020-05-22
244,Charlie Brown,0,Female,,2020-01-09
245,Charlie Brown,0,Female,California,2020-07-26
246,John Doe,0,Male,New York,2020-11-13
247,Bob Lee,0,Female,Unknown,2020-07-20
248,Bob Lee,0,Non-binary,Florida,2020-06-08
249,Jane Smith,0,Non-binary,Unknown,2020-05-15
250,Bob Lee,0,Male,Unknown,2020-04-14
251,Bob Lee,0,,New York,2020-11-24
252,Alice Johnson,0,Female,New York,2020-02-17
253,Jane Smith,0,Female,California,2020-02-10
254,Alice Johnson,0,,Florida,2020-12-06
255,John Doe,0,Male,Unknown,2020-05-02
256,John Doe,0,Male,Unknown,2020-03-18
257,Alice Johnson,0,,Texas,2020-03-29
258,Jane Smith,0,,Texas,2020-12-05
259,Bob Lee,0,Female,Florida,2020-08-23
260,Alice Johnson,0,Male,Unknown,2020-04-01
261,Jane Smith,0,Female,Unknown,2020-04-25
262,Jane Smith,0,,California,2020-06-27
263,Alice Johnson,0,Non-binary,Unknown,2020-02-06
264,Charlie Brown,0,Male,California,2020-06-10
265,Charlie Brown,0,Female,Texas,2020-01-16
266,Jane Smith,0,Female,Florida,2020-01-09
267,Alice Johnson,0,Non-binary,New York,2020-01-19
268,Bob Lee,0,Female,California,2020-07-01
269,Bob Lee,0,Female,New York,2020-02-12
270,Alice Johnson,0,,Florida,2020-01-22
271,Charlie Brown,0,,New York,2020-05-28
272,John Doe,0,Female,Texas,2020-03-13
273,Jane Smith,0,Male,Texas,2020-05-22
274,Alice Johnson,0,,Florida,2020-06-24
275,Jane Smith,0,,New York,2020-01-13
276,Alice Johnson,0,,California,2020-01-27
277,Bob Lee,0,Non-binary,Unknown,2020-01-30
278,Bob Lee,0,,Unknown,2020-02-15
279,Bob Lee,0,Male,Texas,2020-09-23
280,John Doe,0,Female,,2020-03-30
281,Charlie Brown,0,Male,New York,2020-11-17
282,John Doe,0,Non-binary,New York,2020-11-19
283,Charlie Brown,0,Female,Texas,2020-11-19
284,Jane Smith,0,Male,California,2020-07-26
285,Alice Johnson,0,Non-binary,California,2020-07-18
286,Charlie Brown,0,Female,Florida,2020-05-25
287,Bob Lee,0,Male,New York,2020-08-30
288,Alice Johnson,0,Female,California,2020-12-25
289,John Doe,0,Non-binary,Texas,2020-02-03
290,Charlie Brown,0,,Unknown,2020-12-14
291,Jane Smith,0,Male,Unknown,2020-01-21
292,Bob Lee,0,Male,New York,2020-07-08
293,Charlie Brown,0,Non-binary,New York,2020-03-10
294,Charlie Brown,0,,Unknown,2020-10-13
295,Charlie Brown,0,Female,California,2020-06-06
296,Bob Lee,0,,California,2020-04-22
297,Jane Smith,0,Male,Florida,2020-04-09
298,Alice Johnson,0,Non-binary,California,2020-09-11
299,Bob Lee,0,Male,Florida,2020-08-05
300,Jane Smith,0,Female,California,2020-04-12
301,Jane Smith,0,Male,Texas,2020-02-23
302,John Doe,0,,California,2020-07-01
303,Jane Smith,0,Non-binary,Texas,2020-07-27
304,Bob Lee,0,Female,Texas,2020-11-18
305,Alice Johnson,0,Non-binary,Unknown,2020-09-29
306,Charlie Brown,0,Female,New York,2020-12-27
307,Alice Johnson,0,Male,Florida,2020-06-12
308,Alice Johnson,0,,New York,2020-08-30
309,Bob Lee,0,Male,California,2020-09-08
310,Alice Johnson,0,Male,California,2020-04-19
311,Charlie Brown,0,Male,New York,2020-10-02
312,Bob Lee,0,Male,New York,2020-02-03
313,Bob Lee,0,Non-binary,Texas,2020-07-13
314,John Doe,0,Male,California,2020-04-27
315,John Doe,0,Non-binary,California,2020-09-18
316,John Doe,0,Female,Texas,2020-11-25
317,Charlie Brown,0,Male,New York,2020-10-25
318,Alice Johnson,0,Female,Florida,2020-03-10
319,Charlie Brown,0,Female,New York,2020-09-19
320,Charlie Brown,0,Male,,2020-08-27
321,Jane Smith,0,Female,New York,2020-08-31
322,Charlie Brown,0,,New York,2020-01-04
323,John Doe,0,Female,California,2020-07-07
324,Charlie Brown,0,Female,Florida,2020-10-12
325,John Doe,0,,Texas,2020-02-09
326,Alice Johnson,0,Non-binary,California,2020-09-08
327,Jane Smith,0,Male,Texas,2020-01-29
328,Jane Smith,0,Female,New York,2020-11-13
329,Jane Smith,0,Male,Texas,2020-02-16
330,Bob Lee,0,,Texas,2020-07-28
331,Charlie Brown,0,Non-binary,Unknown,2020-01-03
332,Bob Lee,0,Male,Florida,2020-05-07
333,Jane Smith,0,Male,Florida,2020-09-17
334,Bob Lee,0,Female,New York,2020-06-10
335,Jane Smith,0,,Texas,2020-05-05
336,John Doe,0,,California,2020-08-17
337,Charlie Brown,0,Non-binary,Florida,2020-01-21
338,Alice Johnson,0,Non-binary,New York,2020-10-06
339,Alice Johnson,0,Non-binary,New York,2020-06-25
340,Charlie Brown,0,Male,Texas,2020-12-18
341,John Doe,0,Male,New York,2020-12-27
342,Jane Smith,0,Male,Texas,2020-08-16
343,Bob Lee,0,Non-binary,Florida,2020-04-21
344,John Doe,0,,Unknown,2020-06-25
345,Alice Johnson,0,Female,California,2020-11-07
346,Bob Lee,0,Male,Florida,1900-01-01
347,Bob Lee,0,,Unknown,2020-01-04
348,Bob Lee,0,Male,Texas,2020-08-21
349,Jane Smith,0,Non-binary,Florida,2020-06-05
350,Alice Johnson,0,,Texas,1900-01-01
351,John Doe,0,Male,,2020-11-22
352,Bob Lee,0,Male,New York,2020-04-06
353,John Doe,0,Non-binary,Florida,2020-08-29
354,John Doe,0,Female,Unknown,2020-03-04
355,Alice Johnson,0,Non-binary,Florida,2020-08-28
356,Charlie Brown,0,,Florida,2020-06-11
357,Bob Lee,0,,California,2020-10-29
358,John Doe,0,,Texas,2020-10-08
359,Charlie Brown,0,,Texas,2020-10-31
360,Alice Johnson,0,,New York,2020-06-17
361,John Doe,0,Non-binary,California,2020-07-09
362,Charlie Brown,0,,New York,2020-12-20
363,Charlie Brown,0,Female,Florida,2020-02-07
364,Bob Lee,0,Non-binary,Texas,2020-06-01
365,Jane Smith,0,Male,Unknown,2020-10-25
366,Bob Lee,0,Non-binary,Unknown,2020-06-29
367,John Doe,0,Male,Unknown,2020-08-14
368,Bob Lee,0,Non-binary,California,2020-03-12
369,Alice Johnson,0,Female,Texas,2020-06-29
370,Jane Smith,0,Non-binary,Texas,2020-09-21
371,Bob Lee,0,,Florida,2020-12-10
372,Charlie Brown,0,Male,Florida,2020-04-27
373,Alice Johnson,0,,Florida,2020-01-25
374,Alice Johnson,0,Male,Florida,2020-09-28
375,Alice Johnson,0,Female,,2020-02-05
376,John Doe,0,,Florida,2020-06-15
377,Jane Smith,0,Female,Texas,2020-05-13
378,Jane Smith,0,Male,Unknown,2020-07-23
379,Charlie Brown,0,Female,Texas,2020-10-10
380,Charlie Brown,0,Non-binary,Unknown,2020-04-07
381,Bob Lee,0,Female,Florida,2020-08-22
382,John Doe,0,,New York,2020-06-02
383,Bob Lee,0,,Florida,2020-06-10
384,Charlie Brown,0,,California,2020-11-24
385,John Doe,0,Non-binary,Florida,2020-02-16
386,Bob Lee,0,Non-binary,California,2020-11-19
387,Bob Lee,0,Non-binary,Texas,2020-02-02
388,Charlie Brown,0,Female,Unknown,2020-02-15
389,Jane Smith,0,,New York,2020-05-13
390,Bob Lee,0,,California,2020-01-20
391,Bob Lee,0,Non-binary,Florida,2020-10-18
392,John Doe,0,Female,Florida,2020-01-10
393,John Doe,0,Non-binary,New York,2020-05-14
394,Charlie Brown,0,Non-binary,California,2020-04-19
395,Alice Johnson,0,Non-binary,New York,2020-06-29
396,Bob Lee,0,Female,Unknown,2020-12-01
397,Bob Lee,0,,Texas,2020-06-18
398,Bob Lee,0,Male,Unknown,2020-07-24
399,Jane Smith,0,Non-binary,New York,2020-07-08
400,Bob Lee,0,Non-binary,Unknown,2020-04-20
401,Alice Johnson,0,Male,Texas,2020-10-23
402,Alice Johnson,0,Non-binary,Unknown,2020-11-16
403,Bob Lee,0,,Florida,2020-05-25
404,Jane Smith,0,,Texas,2020-03-20
405,John Doe,0,Non-binary,Texas,2020-10-22
406,John Doe,0,Male,New York,2020-12-16
407,Jane Smith,0,Non-binary,Florida,2020-10-28
408,John Doe,0,Non-binary,Florida,2020-08-18
409,Bob Lee,0,Female,Texas,2020-06-26
410,Jane Smith,0,Female,Florida,2020-09-14
411,John Doe,0,Male,Texas,2020-05-11
412,Jane Smith,0,Female,New York,2020-05-18
413,John Doe,0,Male,Unknown,2020-02-13
414,Bob Lee,0,Female,Florida,2020-12-03
415,Bob Lee,0,,Texas,1900-01-01
416,Alice Johnson,0,Female,California,2020-05-12
417,Jane Smith,0,Female,Texas,2020-04-08
418,Jane Smith,0,Non-binary,Unknown,2020-06-16
419,Bob Lee,0,Non-binary,California,2020-05-15
420,Jane Smith,0,,Florida,2020-07-25
421,Charlie Brown,0,Female,New York,2020-01-08
422,Jane Smith,0,Female,Florida,2020-12-14
423,Charlie Brown,0,,Unknown,2020-09-10
424,John Doe,0,Non-binary,California,2020-07-09
425,Alice Johnson,0,,Texas,2020-11-05
426,John Doe,0,,New York,2020-02-10
427,Alice Johnson,0,Non-binary,Florida,2020-05-07
428,Jane Smith,0,Non-binary,California,2020-01-15
429,Alice Johnson,0,,Texas,2020-07-09
430,Alice Johnson,0,Female,California,2020-09-09
431,John Doe,0,Male,California,2020-09-28
432,Alice Johnson,0,,Florida,2020-10-05
433,John Doe,0,,Texas,2020-12-07
434,Bob Lee,0,Female,California,2020-05-27
435,Bob Lee,0,Female,Texas,2020-09-03
436,Alice Johnson,0,Non-binary,New York,2020-10-08
437,Charlie Brown,0,,California,2020-07-05
438,Alice Johnson,0,Female,Florida,2020-10-28
439,Jane Smith,0,Male,Texas,2020-01-21
440,Alice Johnson,0,Male,New York,2020-03-25
441,Jane Smith,0,Male,New York,2020-11-14
442,Bob Lee,0,Male,Texas,2020-04-20
443,John Doe,0,,Unknown,2020-04-13
444,Bob Lee,0,Male,California,2020-05-25
445,Alice Johnson,0,Non-binary,New York,2020-12-26
446,Bob Lee,0,,Texas,2020-01-28
447,John Doe,0,Non-binary,Texas,2020-11-08
448,Alice Johnson,0,Non-binary,California,2020-07-06
449,John Doe,0,Non-binary,California,2020-03-04
450,Bob Lee,0,,Unknown,2020-06-28
451,John Doe,0,Female,California,2020-07-20
452,Charlie Brown,0,Non-binary,,2020-09-29
453,Alice Johnson,0,,California,2020-05-30
454,Bob Lee,0,Non-binary,California,2020-04-13
455,Bob Lee,0,Female,Florida,2020-11-26
456,John Doe,0,,California,2020-04-11
457,Bob Lee,0,,Texas,1900-01-01
458,Bob Lee,0,,Unknown,2020-09-20
459,Alice Johnson,0,Non-binary,Florida,2020-07-15
460,Jane Smith,0,Male,Unknown,2020-11-28
461,Alice Johnson,0,Female,Unknown,2020-10-14
462,John Doe,0,Non-binary,California,2020-07-29
463,Charlie Brown,0,Female,Unknown,2020-08-05
464,Charlie Brown,0,,New York,2020-12-31
465,Bob Lee,0,Female,Texas,2020-03-02
466,Bob Lee,0,,New York,2020-06-15
467,Charlie Brown,0,Female,Florida,2020-10-28
468,Alice Johnson,0,,Florida,2020-02-02
469,John Doe,0,Non-binary,Florida,2020-10-29
470,Jane Smith,0,Non-binary,California,2020-02-11
471,Charlie Brown,0,Male,Unknown,2020-07-03
472,Alice Johnson,0,Female,Texas,2020-09-05
473,Bob Lee,0,,Texas,2020-01-05
474,Jane Smith,0,Male,Florida,2020-11-04
475,Bob Lee,0,,Texas,2020-01-17
476,Jane Smith,0,,Unknown,2020-08-09
477,Jane Smith,0,Female,Unknown,2020-12-13
478,Jane Smith,0,Female,New York,2020-06-26
479,Charlie Brown,0,Female,Texas,2020-08-27
480,John Doe,0,Male,Texas,2020-03-26
481,Charlie Brown,0,,Texas,2020-05-24
482,Bob Lee,0,,New York,2020-11-11
483,John Doe,0,Non-binary,Unknown,2020-07-04
484,John Doe,0,Male,Texas,2020-10-14
485,Charlie Brown,0,,Unknown,2020-10-28
486,Bob Lee,0,Female,Florida,2020-08-08
487,Alice Johnson,0,,Unknown,2020-01-01
488,Charlie Brown,0,Male,Texas,2020-12-11
489,Jane Smith,0,,California,2020-11-17
490,Charlie Brown,0,Female,Texas,2020-12-28
491,John Doe,0,Male,New York,2020-08-20
492,Bob Lee,0,Female,California,2020-05-06
493,Jane Smith,0,,Unknown,2020-04-27
494,Charlie Brown,0,Male,Texas,2020-02-16
495,Bob Lee,0,Female,Texas,2020-04-13
496,Charlie Brown,0,Female,California,2020-12-02
497,John Doe,0,Male,,2020-11-24
498,John Doe,0,Female,New York,2020-02-29
499,Charlie Brown,0,Non-binary,New York,2020-04-04
500,Jane Smith,0,,Unknown,2020-05-20
501,John Doe,0,,Unknown,2020-02-03
502,Bob Lee,0,Non-binary,Florida,2020-10-23
503,Jane Smith,0,Male,Unknown,2020-02-05
504,Alice Johnson,0,Male,Unknown,2020-07-31
505,Alice Johnson,0,,Unknown,2020-06-26
506,Alice Johnson,0,Female,Texas,2020-08-17
507,Bob Lee,0,,Florida,2020-07-15
508,Charlie Brown,0,Male,Texas,2020-11-27
509,John Doe,0,Female,Texas,2020-07-15
510,Alice Johnson,0,Non-binary,California,2020-12-16
511,Alice Johnson,0,Male,Texas,2020-12-30
512,John Doe,0,Female,California,2020-07-18
513,Charlie Brown,0,Female,California,2020-10-26
514,Alice Johnson,0,Male,Unknown,2020-02-03
515,John Doe,0,Non-binary,New York,2020-12-17
516,John Doe,0,Non-binary,California,2020-03-26
517,Charlie Brown,0,Male,Unknown,2020-09-28
518,John Doe,0,Non-binary,California,2020-01-21
519,Jane Smith,0,,California,2020-12-24
520,Bob Lee,0,Male,Unknown,2020-02-24
521,Jane Smith,0,Female,Texas,2020-04-30
522,Alice Johnson,0,,Unknown,2020-09-23
523,Alice Johnson,0,Male,New York,2020-05-03
524,Jane Smith,0,,California,2020-01-20
525,Alice Johnson,0,,Florida,2020-02-21
526,Jane Smith,0,Female,New York,2020-01-01
527,Charlie Brown,0,Female,Florida,2020-09-25
528,Jane Smith,0,Female,Unknown,2020-05-14
529,Alice Johnson,0,Non-binary,Texas,2020-07-02
530,Jane Smith,0,,Texas,2020-10-25
531,Alice Johnson,0,,Florida,2020-02-12
532,John Doe,0,Non-binary,New York,2020-12-25
533,Bob Lee,0,Female,California,2020-10-28
534,Alice Johnson,0,,California,2020-03-23
535,Bob Lee,0,Non-binary,Texas,2020-08-16
536,Bob Lee,0,Male,Florida,2020-07-26
537,Alice Johnson,0,Female,Florida,2020-07-05
538,Alice Johnson,0,Female,Unknown,2020-04-29
539,Jane Smith,0,Non-binary,Texas,2020-11-01
540,Alice Johnson,0,,New York,2020-10-28
541,Charlie Brown,0,Male,New York,2020-03-01
542,Alice Johnson,0,,,2020-09-07
543,John Doe,0,Non-binary,Unknown,2020-03-06
544,Jane Smith,0,,Unknown,2020-02-17
545,Jane Smith,0,Male,Unknown,2020-06-08
546,Bob Lee,0,Non-binary,Unknown,2020-07-24
547,Bob Lee,0,Male,Texas,2020-08-15
548,Alice Johnson,0,Male,New York,2020-07-10
549,Bob Lee,0,Female,Unknown,2020-08-02
550,Bob Lee,0,Female,California,2020-06-30
551,John Doe,0,Female,New York,2020-10-20
552,Jane Smith,0,,Unknown,2020-05-02
553,Bob Lee,0,Female,Texas,2020-03-10
554,Alice Johnson,0,,New York,2020-02-22
555,Charlie Brown,0,,Florida,2020-04-14
556,Alice Johnson,0,Non-binary,Texas,2020-01-07
557,Jane Smith,0,Male,Florida,2020-08-06
558,John Doe,0,,Unknown,2020-05-30
559,John Doe,0,Female,Florida,2020-08-03
560,Alice Johnson,0,,Florida,2020-04-09
561,Jane Smith,0,Male,New York,2020-06-29
562,Jane Smith,0,Male,Texas,2020-04-28
563,John Doe,0,,New York,2020-08-15
564,Jane Smith,0,Female,California,2020-07-03
565,Charlie Brown,0,Male,Texas,2020-05-07
566,Alice Johnson,0,Male,New York,2020-05-05
567,Jane Smith,0,Male,Florida,2020-07-15
568,Jane Smith,0,Male,,2020-04-06
569,Charlie Brown,0,Non-binary,Texas,2020-01-22
570,John Doe,0,Female,Texas,2020-02-08
571,Jane Smith,0,Male,California,2020-08-15
572,John Doe,0,Female,Unknown,1900-01-01
573,Alice Johnson,0,,Texas,2020-05-01
574,Charlie Brown,0,Non-binary,California,2020-08-28
575,Charlie Brown,0,Male,California,2020-09-05
576,Charlie Brown,0,Male,California,2020-08-21
577,Alice Johnson,0,Male,Texas,2020-06-13
578,Alice Johnson,0,Male,Unknown,2020-09-05
579,Bob Lee,0,Non-binary,New York,2020-02-17
580,John Doe,0,Non-binary,Florida,2020-08-07
581,Jane Smith,0,,Texas,2020-12-23
582,Jane Smith,0,,California,2020-08-26
583,Jane Smith,0,Non-binary,Texas,2020-04-16
584,Bob Lee,0,Female,Unknown,2020-02-29
585,Alice Johnson,0,Male,Unknown,2020-07-19
586,Charlie Brown,0,,California,2020-11-26
587,Jane Smith,0,Female,California,2020-09-03
588,Bob Lee,0,Female,California,2020-01-10
589,Charlie Brown,0,Male,Unknown,2020-07-02
590,Alice Johnson,0,Male,New York,2020-04-12
591,John Doe,0,,Texas,2020-11-28
592,Jane Smith,0,Female,New York,2020-09-23
593,Jane Smith,0,Male,Unknown,2020-01-09
594,Alice Johnson,0,Female,New York,2020-10-13
595,Charlie Brown,0,Non-binary,Unknown,2020-09-06
596,Bob Lee,0,Male,New York,2020-11-11
597,John Doe,0,Male,Unknown,2020-09-25
598,Bob Lee,0,Male,California,2020-02-01
599,Jane Smith,0,Non-binary,Texas,2020-09-12
600,Jane Smith,0,Female,New York,2020-05-09
601,Charlie Brown,0,Female,Unknown,2020-04-02
602,Charlie Brown,0,Female,New York,2020-12-23
603,John Doe,0,Non-binary,Texas,2020-08-12
604,John Doe,0,Male,Florida,2020-10-14
605,Charlie Brown,0,Male,New York,2020-07-03
606,Charlie Brown,0,Non-binary,Unknown,2020-11-13
607,John Doe,0,Non-binary,Florida,2020-10-31
608,Alice Johnson,0,Non-binary,California,2020-04-06
609,Charlie Brown,0,Male,New York,2020-12-24
610,Charlie Brown,0,Non-binary,Florida,2020-01-22
611,Alice Johnson,0,Male,New York,2020-06-28
612,Bob Lee,0,Male,Texas,2020-05-06
613,Jane Smith,0,Non-binary,Unknown,2020-12-06
614,Bob Lee,0,Non-binary,Texas,2020-04-19
615,Alice Johnson,0,Non-binary,Texas,2020-04-25
616,Jane Smith,0,Male,,2020-08-05
617,Bob Lee,0,Female,Florida,2020-12-17
618,Charlie Brown,0,Male,California,1900-01-01
619,Alice Johnson,0,Male,Florida,2020-02-12
620,Jane Smith,0,Female,Unknown,2020-04-21
621,Bob Lee,0,,California,2020-05-01
622,Jane Smith,0,Male,Texas,1900-01-01
623,Charlie Brown,0,Non-binary,New York,2020-04-07
624,John Doe,0,Female,New York,2020-03-06
625,Alice Johnson,0,Female,New York,2020-12-28
626,John Doe,0,Male,New York,2020-08-25
627,Jane Smith,0,,Florida,2020-05-27
628,Bob Lee,0,Female,Florida,2020-11-27
629,Bob Lee,0,,Florida,2020-11-30
630,Charlie Brown,0,Female,New York,2020-03-04
631,Bob Lee,0,Male,Florida,2020-08-31
632,Charlie Brown,0,Female,California,2020-05-10
633,John Doe,0,Non-binary,Unknown,2020-08-27
634,John Doe,0,,California,2020-08-10
635,Alice Johnson,0,Male,Unknown,2020-06-23
636,John Doe,0,,Florida,2020-10-08
637,John Doe,0,Male,California,2020-03-30
638,Alice Johnson,0,Non-binary,Unknown,2020-06-15
639,Bob Lee,0,,California,2020-02-16
640,Jane Smith,0,Male,Texas,2020-02-02
641,Bob Lee,0,,New York,2020-09-27
642,Bob Lee,0,Male,Texas,2020-09-10
643,Jane Smith,0,Male,Unknown,2020-08-06
644,Alice Johnson,0,,Florida,2020-07-07
645,Bob Lee,0,,New York,2020-05-26
646,Charlie Brown,0,Female,Texas,2020-03-23
647,Charlie Brown,0,,Florida,2020-11-23
648,Jane Smith,0,Male,California,2020-11-08
649,Alice Johnson,0,,Florida,2020-02-05
650,Bob Lee,0,,New York,2020-11-29
651,Jane Smith,0,,Florida,2020-09-17
652,Charlie Brown,0,Female,Texas,2020-10-12
653,John Doe,0,Female,Unknown,2020-09-01
654,Alice Johnson,0,Female,Texas,2020-02-18
655,Jane Smith,0,Female,Texas,2020-07-23
656,Charlie Brown,0,Female,Florida,2020-05-12
657,Alice Johnson,0,,Texas,1900-01-01
658,Alice Johnson,0,Female,California,2020-01-15
659,John Doe,0,Male,New York,2020-06-10
660,Alice Johnson,0,,Unknown,1900-01-01
661,John Doe,0,,Texas,2020-02-04
662,John Doe,0,Female,New York,2020-04-04
663,Jane Smith,0,Female,Florida,2020-03-24
664,Jane Smith,0,Female,Unknown,2020-09-17
665,Charlie Brown,0,,Florida,2020-01-31
666,John Doe,0,Non-binary,California,2020-12-20
667,Bob Lee,0,,Unknown,2020-09-24
668,Jane Smith,0,Non-binary,California,2020-07-30
669,Bob Lee,0,,Unknown,2020-03-22
670,Charlie Brown,0,,Texas,2020-08-29
671,Bob Lee,0,Non-binary,Florida,2020-10-14
672,John Doe,0,Male,California,2020-04-03
673,John Doe,0,,California,2020-03-14
674,Alice Johnson,0,Male,California,2020-11-15
675,Charlie Brown,0,,,2020-01-03
676,Bob Lee,0,,Texas,2020-02-24
677,Charlie Brown,0,Male,New York,2020-07-29
678,Bob Lee,0,Female,Texas,2020-11-22
679,John Doe,0,Non-binary,California,2020-09-25
680,John Doe,0,,Unknown,2020-03-29
681,Alice Johnson,0,Non-binary,Florida,2020-04-16
682,Alice Johnson,0,Female,Unknown,2020-12-18
683,Charlie Brown,0,Non-binary,New York,2020-07-27
684,Charlie Brown,0,Male,California,2020-12-20
685,John Doe,0,Non-binary,Florida,2020-08-25
686,Bob Lee,0,Non-binary,Texas,2020-10-30
687,Bob Lee,0,,California,2020-11-26
688,Bob Lee,0,Non-binary,New York,2020-08-12
689,Bob Lee,0,,Florida,2020-02-02
690,Charlie Brown,0,Non-binary,Texas,2020-12-30
691,Bob Lee,0,Non-binary,New York,2020-09-19
692,Alice Johnson,0,Female,New York,2020-05-02
693,John Doe,0,,California,2020-10-22
694,John Doe,0,,California,2020-01-08
695,John Doe,0,Female,Unknown,2020-04-01
696,Alice Johnson,0,Male,Florida,2020-02-15
697,Alice Johnson,0,Male,Texas,2020-05-27
698,John Doe,0,Female,Texas,2020-02-03
699,Bob Lee,0,,California,2020-01-02
700,Jane Smith,0,Male,Texas,2020-07-28
701,Alice Johnson,0,,California,2020-08-10
702,Jane Smith,0,,Unknown,2020-07-13
703,John Doe,0,,Florida,2020-12-12
704,John Doe,0,Male,California,2020-11-04
705,Jane Smith,0,Male,Florida,2020-07-14
706,Alice Johnson,0,,California,2020-04-22
707,Bob Lee,0,Non-binary,New York,2020-02-28
708,Jane Smith,0,Non-binary,California,2020-05-14
709,Jane Smith,0,Female,Unknown,2020-07-24
710,Charlie Brown,0,,California,2020-08-29
711,Alice Johnson,0,Non-binary,New York,2020-11-06
712,Jane Smith,0,Male,California,2020-02-24
713,Jane Smith,0,,Texas,2020-02-28
714,Alice Johnson,0,,New York,2020-09-28
715,Charlie Brown,0,Female,Unknown,2020-04-12
716,John Doe,0,Male,,2020-01-23
717,Jane Smith,0,,Texas,2020-02-16
718,Alice Johnson,0,Non-binary,Texas,2020-03-31
719,Alice Johnson,0,Male,California,2020-06-10
720,John Doe,0,Non-binary,New York,2020-10-09
721,Jane Smith,0,Non-binary,,2020-07-22
722,Charlie Brown,0,Non-binary,Unknown,2020-11-14
723,Charlie Brown,0,,New York,2020-06-07
724,Charlie Brown,0,Non-binary,New York,2020-11-17
725,Bob Lee,0,Non-binary,Florida,2020-10-28
726,Jane Smith,0,Male,Florida,2020-07-05
727,John Doe,0,Non-binary,,2020-07-03
728,Bob Lee,0,Female,Texas,2020-10-24
729,Bob Lee,0,Non-binary,Unknown,2020-03-24
730,Bob Lee,0,,New York,2020-09-26
731,Bob Lee,0,Male,California,2020-05-01
732,John Doe,0,Male,Florida,2020-04-07
733,Charlie Brown,0,,Texas,2020-07-21
734,Bob Lee,0,,Florida,2020-08-19
735,Charlie Brown,0,Female,Texas,2020-05-20
736,Alice Johnson,0,Non-binary,California,2020-06-16
737,Alice Johnson,0,Male,New York,2020-08-28
738,Charlie Brown,0,Non-binary,California,2020-11-06
739,John Doe,0,,New York,2020-06-21
740,John Doe,0,,Unknown,2020-09-16
741,Bob Lee,0,Female,Florida,2020-03-29
742,Alice Johnson,0,Non-binary,California,2020-07-03
743,Charlie Brown,0,,New York,2020-07-25
744,Bob Lee,0,Male,Florida,2020-10-21
745,John Doe,0,Male,New York,1900-01-01
746,John Doe,0,Male,New York,2020-01-13
747,Jane Smith,0,Female,California,2020-12-11
748,Alice Johnson,0,Non-binary,California,2020-04-15
749,Charlie Brown,0,Non-binary,California,2020-05-25
750,Alice Johnson,0,,Texas,2020-04-30
751,Jane Smith,0,Female,Florida,2020-09-18
752,Alice Johnson,0,,California,2020-03-08
753,Charlie Brown,0,Non-binary,,2020-01-04
754,John Doe,0,Male,Texas,2020-05-07
755,Alice Johnson,0,Male,California,2020-11-24
756,Jane Smith,0,Female,Unknown,2020-05-07
757,Jane Smith,0,,Unknown,2020-03-05
758,Jane Smith,0,Non-binary,California,2020-06-30
759,John Doe,0,Female,Florida,2020-09-13
760,Charlie Brown,0,Female,New York,2020-04-27
761,Alice Johnson,0,Female,New York,2020-07-27
762,Bob Lee,0,Female,California,2020-06-18
763,Charlie Brown,0,Female,California,2020-11-27
764,Bob Lee,0,Non-binary,California,2020-12-09
765,John Doe,0,,Texas,2020-01-10
766,Jane Smith,0,Female,California,2020-04-15
767,Bob Lee,0,Male,Texas,2020-04-23
768,John Doe,0,Male,Unknown,2020-05-26
769,Jane Smith,0,,Texas,2020-06-30
770,Bob Lee,0,,California,2020-10-30
771,Charlie Brown,0,Female,New York,2020-05-10
772,Alice Johnson,0,Male,Florida,2020-08-25
773,Charlie Brown,0,Male,Unknown,2020-03-18
774,John Doe,0,Female,Unknown,2020-08-01
775,John Doe,0,Non-binary,Florida,2020-11-17
776,Alice Johnson,0,Non-binary,New York,2020-06-06
777,Jane Smith,0,Non-binary,California,2020-11-25
778,Jane Smith,0,Female,Florida,2020-08-23
779,John Doe,0,Male,New York,2020-03-26
780,Jane Smith,0,Male,,2020-10-23
781,Jane Smith,0,Male,Texas,2020-10-25
782,John Doe,0,,Texas,2020-12-11
783,Bob Lee,0,Female,Texas,2020-02-25
784,Bob Lee,0,,Texas,2020-09-14
785,John Doe,0,Non-binary,Unknown,2020-10-31
786,Jane Smith,0,Male,California,2020-12-01
787,John Doe,0,Male,Unknown,2020-04-02
788,John Doe,0,Non-binary,Florida,2020-04-13
789,Bob Lee,0,Female,Florida,2020-02-03
790,Bob Lee,0,Male,Texas,2020-04-11
791,Bob Lee,0,Female,Texas,2020-12-11
792,Bob Lee,0,Male,New York,2020-09-22
793,Charlie Brown,0,Male,Florida,2020-11-02
794,Alice Johnson,0,,Florida,2020-11-17
795,Charlie Brown,0,Male,Texas,2020-07-08
796,Bob Lee,0,Female,Unknown,2020-07-11
797,Charlie Brown,0,Female,Florida,2020-09-08
798,Jane Smith,0,Male,Unknown,2020-05-29
799,Alice Johnson,0,,Texas,2020-05-28
800,Jane Smith,0,Female,New York,2020-09-25
801,Alice Johnson,0,Female,Texas,2020-02-22
802,Jane Smith,0,,Florida,2020-02-19
803,John Doe,0,Female,Florida,2020-11-21
804,Alice Johnson,0,Non-binary,New York,2020-02-11
805,Bob Lee,0,,Texas,2020-08-04
806,Alice Johnson,0,Male,Texas,2020-07-01
807,John Doe,0,Non-binary,Florida,2020-07-16
808,Alice Johnson,0,Male,Florida,2020-01-01
809,Bob Lee,0,Female,California,2020-05-04
810,Charlie Brown,0,Female,Florida,2020-06-02
811,Bob Lee,0,Non-binary,Unknown,2020-06-06
812,Charlie Brown,0,Male,New York,2020-08-04
813,Charlie Brown,0,Non-binary,New York,2020-02-26
814,Bob Lee,0,Female,,2020-07-22
815,John Doe,0,Male,Unknown,2020-11-02
816,John Doe,0,Female,Texas,2020-12-19
817,Bob Lee,0,Male,California,2020-11-10
818,Charlie Brown,0,Male,New York,2020-02-03
819,John Doe,0,Female,New York,2020-05-29
820,Jane Smith,0,Female,California,2020-10-28
821,Bob Lee,0,,Florida,2020-08-01
822,Alice Johnson,0,Non-binary,California,2020-09-10
823,Alice Johnson,0,Male,Texas,2020-11-14
824,John Doe,0,Female,Texas,2020-01-30
825,John Doe,0,Female,Florida,2020-07-18
826,Jane Smith,0,,California,2020-08-24
827,Alice Johnson,0,Male,California,2020-09-28
828,Alice Johnson,0,Female,Florida,2020-04-28
829,Bob Lee,0,,New York,2020-10-06
830,Alice Johnson,0,Female,Texas,2020-03-05
831,John Doe,0,Female,Unknown,2020-12-26
832,Bob Lee,0,Male,Texas,2020-10-24
833,John Doe,0,Male,New York,2020-06-28
834,Alice Johnson,0,Non-binary,Florida,2020-05-25
835,John Doe,0,,California,2020-10-10
836,Alice Johnson,0,,New York,2020-05-10
837,Charlie Brown,0,Male,Texas,2020-04-19
838,Jane Smith,0,Non-binary,New York,2020-09-25
839,Bob Lee,0,Female,California,2020-12-31
840,Alice Johnson,0,Female,New York,2020-07-22
841,John Doe,0,Male,Texas,2020-06-16
842,Charlie Brown,0,Female,Texas,2020-04-13
843,Jane Smith,0,Female,Florida,2020-07-13
844,Jane Smith,0,Female,New York,2020-01-24
845,Bob Lee,0,,,2020-11-11
846,Bob Lee,0,Non-binary,Unknown,2020-08-08
847,Charlie Brown,0,Female,New York,2020-09-12
848,John Doe,0,Female,Texas,2020-12-11
849,Bob Lee,0,Male,Unknown,2020-03-29
850,Jane Smith,0,Non-binary,California,2020-01-12
851,Bob Lee,0,Male,Unknown,2020-08-22
852,Alice Johnson,0,Female,Unknown,2020-08-11
853,Alice Johnson,0,,Texas,2020-12-22
854,Alice Johnson,0,Male,California,2020-09-01
855,Bob Lee,0,Non-binary,,2020-02-04
856,Bob Lee,0,Female,California,2020-06-05
857,Alice Johnson,0,Male,Unknown,2020-06-28
858,Jane Smith,0,Non-binary,Texas,2020-03-23
859,Jane Smith,0,,New York,2020-11-22
860,Charlie Brown,0,Non-binary,California,2020-07-15
861,John Doe,0,Non-binary,New York,2020-01-22
862,Alice Johnson,0,Female,Unknown,2020-09-21
863,Jane Smith,0,Male,California,2020-03-19
864,John Doe,0,Male,New York,2020-08-13
865,Charlie Brown,0,Non-binary,California,2020-10-12
866,Alice Johnson,0,Male,California,2020-11-26
867,John Doe,0,Female,New York,2020-09-14
868,John Doe,0,Non-binary,Florida,2020-02-03
869,Charlie Brown,0,,New York,2020-08-17
870,Bob Lee,0,Female,New York,2020-05-09
871,Jane Smith,0,Male,Unknown,2020-02-19
872,Bob Lee,0,Non-binary,Texas,2020-08-08
873,Bob Lee,0,Non-binary,Unknown,2020-10-26
874,Bob Lee,0,Female,California,2020-05-20
875,Jane Smith,0,Male,Florida,2020-03-20
876,Alice Johnson,0,,Florida,2020-05-13
877,Charlie Brown,0,Female,New York,2020-09-12
878,Jane Smith,0,Male,Unknown,1900-01-01
879,Alice Johnson,0,Female,New York,2020-05-02
880,Alice Johnson,0,Non-binary,New York,2020-02-23
881,Jane Smith,0,Non-binary,California,2020-09-22
882,Alice Johnson,0,Male,New York,2020-11-01
883,Charlie Brown,0,Female,Texas,2020-06-09
884,Bob Lee,0,Female,,2020-11-12
885,Bob Lee,0,Female,New York,2020-01-17
886,Charlie Brown,0,,Unknown,2020-03-03
887,Bob Lee,0,Female,Texas,2020-02-02
888,John Doe,0,Male,Florida,2020-02-26
889,Bob Lee,0,Female,Texas,2020-03-19
890,Jane Smith,0,Non-binary,California,2020-09-26
891,Bob Lee,0,Female,Texas,2020-02-03
892,Alice Johnson,0,,New York,2020-10-27
893,Bob Lee,0,,New York,2020-11-08
894,Bob Lee,0,Male,Unknown,2020-04-27
895,Alice Johnson,0,Male,,2020-11-15
896,John Doe,0,Female,Florida,2020-07-28
897,Jane Smith,0,Male,Florida,2020-10-01
898,Jane Smith,0,Male,Unknown,2020-05-13
899,Bob Lee,0,Female,New York,2020-02-24
900,Charlie Brown,0,Non-binary,California,2020-01-27
901,Jane Smith,0,Male,Florida,2020-06-19
902,Bob Lee,0,Male,Unknown,2020-06-07
903,Jane Smith,0,Female,California,2020-05-30
904,John Doe,0,Female,Texas,2020-05-27
905,Alice Johnson,0,Female,New York,2020-04-08
906,Jane Smith,0,Female,Florida,2020-11-11
907,Charlie Brown,0,Male,,2020-08-14
908,Jane Smith,0,,Florida,2020-12-01
909,Charlie Brown,0,,Florida,2020-06-16
910,Jane Smith,0,,New York,2020-02-21
911,Bob Lee,0,Female,New York,2020-09-23
912,Bob Lee,0,Female,Texas,2020-09-30
913,John Doe,0,Female,Texas,2020-11-24
914,Jane Smith,0,Female,Unknown,2020-02-24
915,Alice Johnson,0,,Florida,2020-04-26
916,Alice Johnson,0,Non-binary,Florida,2020-03-17
917,Jane Smith,0,,Florida,2020-12-25
918,Bob Lee,0,Male,California,2020-07-24
919,Charlie Brown,0,,New York,2020-08-25
920,Charlie Brown,0,Female,Texas,2020-04-14
921,John Doe,0,Female,Unknown,2020-07-29
922,Bob Lee,0,,Texas,2020-09-07
923,John Doe,0,Female,Texas,2020-02-05
924,Charlie Brown,0,Male,Florida,2020-09-29
925,Alice Johnson,0,Male,Texas,2020-07-09
926,Bob Lee,0,Female,Texas,2020-01-23
927,Bob Lee,0,Non-binary,Florida,2020-09-18
928,Bob Lee,0,Female,Unknown,2020-09-13
929,Charlie Brown,0,Male,Unknown,2020-01-22
930,Charlie Brown,0,,California,2020-11-27
931,Jane Smith,0,Female,California,2020-12-02
932,John Doe,0,Non-binary,New York,2020-05-23
933,Charlie Brown,0,Female,California,2020-05-19
934,Alice Johnson,0,Non-binary,California,2020-06-27
935,Bob Lee,0,Male,California,2020-12-25
936,Bob Lee,0,Non-binary,Texas,2020-08-07
937,Bob Lee,0,Female,New York,2020-08-30
938,Alice Johnson,0,Male,Texas,2020-04-19
939,Jane Smith,0,Male,Texas,2020-01-25
940,John Doe,0,,Unknown,2020-03-08
941,Charlie Brown,0,,Texas,2020-01-10
942,Jane Smith,0,Male,New York,2020-04-27
943,Bob Lee,0,Female,Texas,2020-01-23
944,Alice Johnson,0,Male,,2020-04-21
945,John Doe,0,Non-binary,California,2020-03-12
946,John Doe,0,Male,Florida,2020-03-26
947,Charlie Brown,0,Female,California,2020-10-15
948,Bob Lee,0,,Texas,2020-08-20
949,Bob Lee,0,Female,Unknown,2020-11-04
950,John Doe,0,Male,Texas,2020-06-12
951,Bob Lee,0,Non-binary,California,2020-04-26
952,Jane Smith,0,Non-binary,California,2020-01-05
953,Alice Johnson,0,Non-binary,,2020-04-01
954,Alice Johnson,0,Non-binary,Unknown,2020-11-10
955,Charlie Brown,0,Non-binary,New York,2020-06-05
956,Jane Smith,0,Non-binary,California,2020-11-21
957,Jane Smith,0,Non-binary,Unknown,2020-10-17
958,John Doe,0,Male,California,2020-12-27
959,John Doe,0,Female,,2020-07-18
960,Alice Johnson,0,Non-binary,Florida,2020-05-15
961,Alice Johnson,0,Male,Florida,2020-08-30
962,Alice Johnson,0,,Texas,2020-02-16
963,Alice Johnson,0,Non-binary,Florida,2020-05-20
964,Bob Lee,0,Male,California,2020-07-07
965,Bob Lee,0,,New York,2020-10-01
966,Bob Lee,0,Male,New York,2020-07-30
967,Alice Johnson,0,,Florida,2020-02-08
968,John Doe,0,,Unknown,2020-04-07
969,John Doe,0,Female,Unknown,2020-05-13
970,Bob Lee,0,Male,New York,2020-01-20
971,Alice Johnson,0,Non-binary,Unknown,2020-10-11
972,Alice Johnson,0,,Texas,2020-11-29
973,Charlie Brown,0,Non-binary,Texas,2020-05-05
974,John Doe,0,,Florida,2020-07-13
975,John Doe,0,Male,Unknown,2020-09-24
976,Charlie Brown,0,Female,Florida,2020-08-02
977,John Doe,0,Non-binary,Texas,2020-03-25
978,Alice Johnson,0,,California,2020-03-21
979,Alice Johnson,0,,New York,2020-08-11
980,Bob Lee,0,Non-binary,California,2020-05-07
981,Charlie Brown,0,Female,California,2020-06-30
982,Charlie Brown,0,Female,Unknown,2020-11-29
983,Bob Lee,0,,Unknown,2020-10-26
984,Charlie Brown,0,Female,Unknown,2020-10-22
985,Bob Lee,0,Female,Unknown,2020-10-19
986,Charlie Brown,0,Non-binary,Unknown,2020-06-25
987,John Doe,0,Male,Unknown,2020-03-19
988,John Doe,0,Female,Florida,2020-09-20
989,John Doe,0,Non-binary,Florida,2020-01-28
990,Charlie Brown,0,Non-binary,Florida,2020-08-03
991,Charlie Brown,0,Male,California,2020-08-25
992,Jane Smith,0,Female,Unknown,2020-06-02
993,Alice Johnson,0,Non-binary,New York,2020-09-14
994,Charlie Brown,0,,Unknown,2020-03-03
995,Charlie Brown,0,Female,Unknown,2020-02-25
996,Jane Smith,0,Non-binary,New York,2020-11-15
997,Jane Smith,0,Female,Texas,2020-11-27
998,Alice Johnson,0,Female,Unknown,2020-02-17
999,Charlie Brown,0,Non-binary,Texas,2020-01-08
1000,Jane Smith,0,Female,Texas,2020-03-19
